<?xml version="1.0" encoding="utf-8"?>
<familyset version="22">
    <family name="sans-serif">
        <font weight="300" style="normal">Rany-Light.otf</font>
        <font weight="300" style="italic">Rany-Light Italic.otf</font>
        <font weight="400" style="normal">Rany.otf</font>
        <font weight="400" style="italic">Rany-Italic.otf</font>
        <font weight="500" style="normal">Rany-Medium.otf</font>
        <font weight="500" style="italic">Rany-Medium Italic.otf</font>
        <font weight="700" style="normal">Rany-Bold.otf</font>
        <font weight="700" style="italic">Rany-Bold Italic.otf</font>
    </family>

    <alias name="sans-serif-thin" to="sans-serif" weight="100" />
    <alias name="sans-serif-light" to="sans-serif" weight="300" />
    <alias name="sans-serif-medium" to="sans-serif" weight="500" />
    <alias name="sans-serif-black" to="sans-serif" weight="900" />
    <alias name="arial" to="sans-serif" />
    <alias name="helvetica" to="sans-serif" />
    <alias name="tahoma" to="sans-serif" />
    <alias name="verdana" to="sans-serif" />
    <alias name="sans-serif-condensed" to="sans-serif" />
</familyset>
