<?xml version="1.0" encoding="utf-8"?>
<familyset version="22">
    <family name="sans-serif">
        <font weight="100" style="normal">iosevka-extended-thin.ttf</font>
        <font weight="100" style="italic">iosevka-extended-bolditalic.ttf</font>
        <font weight="300" style="normal">iosevka-extended-light.ttf</font>
        <font weight="300" style="italic">iosevka-extended-lightitalic.ttf</font>
        <font weight="400" style="normal">iosevka-extended-regular.ttf</font>
        <font weight="400" style="italic">iosevka-extended-italic.ttf</font>
        <font weight="500" style="normal">iosevka-extended-medium.ttf</font>
        <font weight="500" style="italic">iosevka-extended-mediumitalic.ttf</font>
        <font weight="900" style="normal">iosevka-extended-bold.ttf</font>
        <font weight="900" style="italic">iosevka-extended-bolditalic.ttf</font>
        <font weight="700" style="normal">iosevka-extended-heavy.ttf</font>
        <font weight="700" style="italic">iosevka-extended-heavyitalic.ttf</font>
    </family>

    <alias name="sans-serif-thin" to="sans-serif" weight="100" />
    <alias name="sans-serif-light" to="sans-serif" weight="300" />
    <alias name="sans-serif-medium" to="sans-serif" weight="500" />
    <alias name="sans-serif-black" to="sans-serif" weight="900" />
    <alias name="arial" to="sans-serif" />
    <alias name="helvetica" to="sans-serif" />
    <alias name="tahoma" to="sans-serif" />
    <alias name="verdana" to="sans-serif" />
    <alias name="sans-serif-condensed" to="sans-serif" />
</familyset>
