<?xml version="1.0" encoding="utf-8"?>
<familyset version="22">
    <family name="sans-serif">
        <font weight="300" style="normal">Volte Light.otf</font>
        <font weight="300" style="italic">Volte Light Italic.otf</font>
        <font weight="400" style="normal">Volte.otf</font>
        <font weight="400" style="italic">Volte Regular Italic.otf</font>
        <font weight="500" style="normal">Volte Medium.otf</font>
        <font weight="500" style="italic">Volte Medium Italic.otf</font>
        <font weight="700" style="normal">Volte Bold.otf</font>
        <font weight="700" style="italic">Volte Bold Italic.otf</font>
    </family>

    <alias name="sans-serif-thin" to="sans-serif" weight="100" />
    <alias name="sans-serif-light" to="sans-serif" weight="300" />
    <alias name="sans-serif-medium" to="sans-serif" weight="500" />
    <alias name="sans-serif-black" to="sans-serif" weight="900" />
    <alias name="arial" to="sans-serif" />
    <alias name="helvetica" to="sans-serif" />
    <alias name="tahoma" to="sans-serif" />
    <alias name="verdana" to="sans-serif" />
    <alias name="sans-serif-condensed" to="sans-serif" />
</familyset>
